<?xml version="1.0" encoding="UTF-8"?>
<project-private xmlns="http://www.netbeans.org/ns/project-private/1">
    <editor-bookmarks xmlns="http://www.netbeans.org/ns/editor-bookmarks/2" lastBookmarkId="0"/>
    <open-files xmlns="http://www.netbeans.org/ns/projectui-open-files/2">
        <group>
            <file>file:/C:/Users/soumm/OneDrive/Desktop/Third_Year_First_Semester/ENSF%20460%20Fall%202024/Projects/APP_Project_2/Application_Project_2.X/ADC.h</file>
            <file>file:/C:/Users/soumm/OneDrive/Desktop/Third_Year_First_Semester/ENSF%20460%20Fall%202024/Projects/APP_Project_2/Application_Project_2.X/HelperFunction.c</file>
            <file>file:/C:/Users/soumm/OneDrive/Desktop/Third_Year_First_Semester/ENSF%20460%20Fall%202024/Projects/APP_Project_2/Application_Project_2.X/Global_Variables.h</file>
            <file>file:/C:/Users/soumm/OneDrive/Desktop/Third_Year_First_Semester/ENSF%20460%20Fall%202024/Projects/APP_Project_2/Application_Project_2.X/ADC.c</file>
            <file>file:/C:/Users/soumm/OneDrive/Desktop/Third_Year_First_Semester/ENSF%20460%20Fall%202024/Projects/APP_Project_2/Application_Project_2.X/TimerDelay.c</file>
            <file>file:/C:/Users/soumm/OneDrive/Desktop/Third_Year_First_Semester/ENSF%20460%20Fall%202024/Projects/APP_Project_2/Application_Project_2.X/main.c</file>
            <file>file:/C:/Users/soumm/OneDrive/Desktop/Third_Year_First_Semester/ENSF%20460%20Fall%202024/Projects/APP_Project_2/Application_Project_2.X/TimerDelay.h</file>
            <file>file:/C:/Users/soumm/OneDrive/Desktop/Third_Year_First_Semester/ENSF%20460%20Fall%202024/Projects/APP_Project_2/Application_Project_2.X/IOs.h</file>
            <file>file:/C:/Users/soumm/OneDrive/Desktop/Third_Year_First_Semester/ENSF%20460%20Fall%202024/Projects/APP_Project_2/Application_Project_2.X/clkChange.h</file>
            <file>file:/C:/Users/soumm/OneDrive/Desktop/Third_Year_First_Semester/ENSF%20460%20Fall%202024/Projects/APP_Project_2/Application_Project_2.X/UART2.h</file>
            <file>file:/C:/Users/soumm/OneDrive/Desktop/Third_Year_First_Semester/ENSF%20460%20Fall%202024/Projects/APP_Project_2/Application_Project_2.X/IOs.c</file>
            <file>file:/C:/Users/soumm/OneDrive/Desktop/Third_Year_First_Semester/ENSF%20460%20Fall%202024/Projects/APP_Project_2/Application_Project_2.X/clkChange.c</file>
            <file>file:/C:/Users/soumm/OneDrive/Desktop/Third_Year_First_Semester/ENSF%20460%20Fall%202024/Projects/APP_Project_2/Application_Project_2.X/HelperFunction.h</file>
            <file>file:/C:/Users/soumm/OneDrive/Desktop/Third_Year_First_Semester/ENSF%20460%20Fall%202024/Projects/APP_Project_2/Application_Project_2.X/UART2.c</file>
        </group>
    </open-files>
</project-private>
